timestamp,ip_address,username,status,failed_attempts,port,hour,is_suspicious
2026-06-03 00:23:59,136.93.34.46,test,Failed,18,22,0,1
2026-06-10 09:29:20,192.168.60.157,charlie,Accepted,1,14038,9,0
2026-06-15 08:25:55,192.168.26.107,charlie,Accepted,1,37324,8,0
2026-05-25 11:33:18,10.186.236.88,jack,Accepted,1,50099,11,0
2026-06-04 09:32:41,172.19.96.162,jack,Accepted,1,20625,9,0
2026-05-30 16:58:05,10.186.236.88,alice,Accepted,1,5356,16,0
2026-06-04 12:03:49,192.168.103.13,charlie,Accepted,1,62254,12,0
2026-06-07 01:42:04,143.76.102.29,guest,Failed,5,22,1,1
2026-05-18 16:49:05,192.168.248.34,jack,Failed,1,32717,16,0
2026-05-17 02:41:44,27.176.191.86,test,Failed,41,22,2,1
2026-06-12 12:31:42,192.168.248.34,charlie,Accepted,1,19723,12,0
2026-06-06 17:13:59,192.168.60.157,bob,Accepted,1,13058,17,0
2026-06-08 11:18:29,172.27.118.185,grace,Accepted,1,58393,11,0
2026-06-01 12:21:49,172.31.56.159,frank,Accepted,1,50844,12,0
2026-06-10 16:43:41,192.168.55.220,iris,Failed,1,2941,16,0
2026-06-06 09:09:06,172.19.96.162,jack,Accepted,1,27154,9,0
2026-06-10 03:18:39,136.93.34.46,administrator,Failed,2,22,3,1
2026-05-29 11:12:09,192.168.26.107,frank,Accepted,1,63870,11,0
2026-06-05 18:23:33,192.168.248.34,bob,Accepted,1,9916,18,0
2026-05-25 09:47:08,192.168.103.13,frank,Failed,2,64088,9,0
2026-05-22 09:53:27,192.168.103.13,eve,Accepted,1,61243,9,0
2026-05-27 02:42:29,136.93.34.46,administrator,Failed,35,22,2,1
2026-05-22 04:35:31,42.169.169.237,administrator,Failed,46,22,4,1
2026-05-20 08:37:41,192.168.103.13,eve,Accepted,1,29874,8,0
2026-06-12 18:10:53,10.186.236.88,eve,Accepted,1,45815,18,0
2026-05-21 04:34:50,143.76.102.29,root,Failed,31,22,4,1
2026-05-26 11:21:18,192.168.60.157,charlie,Accepted,1,23235,11,0
2026-06-01 12:26:58,172.31.56.159,alice,Accepted,1,51146,12,0
2026-05-30 13:05:31,172.27.118.185,jack,Accepted,1,17000,13,0
2026-05-31 13:45:25,10.209.53.193,eve,Accepted,1,14930,13,0
2026-05-29 10:17:06,10.209.53.193,eve,Accepted,1,59856,10,0
2026-06-10 11:54:44,172.19.96.162,henry,Accepted,1,44028,11,0
2026-05-22 02:22:00,136.93.34.46,admin,Failed,11,22,2,1
2026-05-25 08:27:11,192.168.103.13,jack,Accepted,1,43021,8,0
2026-06-10 18:17:37,10.209.53.193,grace,Accepted,1,6589,18,0
2026-05-24 13:42:54,10.186.236.88,eve,Accepted,1,31180,13,0
2026-06-10 04:59:14,210.70.109.235,root,Accepted,1,22,4,1
2026-05-28 10:35:58,172.19.96.162,iris,Accepted,1,63306,10,0
2026-05-26 18:04:00,192.168.55.220,charlie,Accepted,1,18797,18,0
2026-05-22 13:13:37,10.209.53.193,diana,Accepted,1,53123,13,0
2026-06-11 11:28:49,192.168.55.220,alice,Accepted,1,19072,11,0
2026-05-29 02:26:44,143.76.102.29,guest,Failed,18,22,2,1
2026-06-10 15:41:09,192.168.55.220,iris,Accepted,1,45906,15,0
2026-06-15 18:09:41,192.168.55.220,henry,Accepted,1,25795,18,0
2026-05-29 17:18:38,172.19.96.162,jack,Accepted,1,53186,17,0
2026-05-22 08:36:15,192.168.60.157,bob,Accepted,1,62122,8,0
2026-06-05 08:52:23,192.168.248.34,grace,Accepted,1,32324,8,0
2026-05-22 08:19:24,192.168.60.157,eve,Accepted,1,64781,8,0
2026-05-26 13:20:51,172.19.96.162,henry,Accepted,1,2801,13,0
2026-05-19 18:37:44,10.186.236.88,eve,Accepted,1,39548,18,0
2026-06-15 18:51:16,172.19.96.162,alice,Accepted,1,23130,18,0
2026-06-13 08:12:59,10.209.53.193,alice,Accepted,1,29509,8,0
2026-05-25 12:33:16,10.186.236.88,alice,Accepted,1,7531,12,0
2026-06-04 10:15:52,10.186.236.88,jack,Failed,2,10221,10,0
2026-05-21 09:57:33,172.31.56.159,grace,Accepted,1,61134,9,0
2026-05-28 04:52:05,42.169.169.237,test,Failed,11,22,4,1
2026-06-05 16:29:59,172.27.118.185,eve,Accepted,1,53504,16,0
2026-06-13 01:51:16,136.93.34.46,guest,Failed,20,22,1,1
2026-06-08 15:52:34,10.186.236.88,charlie,Accepted,1,9805,15,0
2026-05-30 03:28:23,42.169.169.237,guest,Accepted,3,22,3,1
2026-06-12 12:05:51,172.19.96.162,iris,Failed,1,38178,12,0
2026-05-21 03:25:39,42.169.169.237,admin,Failed,3,22,3,1
2026-06-05 01:57:12,187.206.170.176,test,Accepted,1,22,1,1
2026-05-19 00:56:18,192.213.95.29,guest,Accepted,1,22,0,1
2026-05-27 13:34:32,172.27.118.185,jack,Accepted,1,16300,13,0
2026-05-29 08:23:04,172.31.56.159,eve,Accepted,1,3425,8,0
2026-05-21 04:49:16,136.93.34.46,administrator,Failed,1,22,4,1
2026-05-27 14:55:03,192.168.248.34,iris,Accepted,1,42679,14,0
2026-06-07 08:18:45,192.168.103.13,jack,Accepted,1,52872,8,0
2026-05-30 02:08:07,27.176.191.86,admin,Failed,5,22,2,1
2026-06-11 18:28:47,192.168.55.220,henry,Accepted,1,8036,18,0
2026-05-17 00:07:42,42.169.169.237,test,Accepted,5,22,0,1
2026-05-17 10:03:09,192.168.103.13,iris,Accepted,1,50848,10,0
2026-06-06 15:32:25,10.209.53.193,diana,Accepted,1,35612,15,0
2026-05-26 10:08:47,192.168.248.34,bob,Accepted,1,37188,10,0
2026-05-19 08:11:39,192.168.248.34,henry,Accepted,1,17428,8,0
2026-05-28 08:39:55,192.168.55.220,alice,Accepted,1,25323,8,0
2026-05-24 04:17:33,42.169.169.237,test,Failed,13,22,4,1
2026-06-08 17:54:53,172.31.56.159,charlie,Accepted,1,36131,17,0
2026-06-11 13:22:33,172.19.96.162,iris,Accepted,1,60654,13,0
2026-05-29 12:44:21,192.168.55.220,henry,Accepted,1,32123,12,0
2026-05-27 00:52:54,29.196.123.31,root,Accepted,1,22,0,1
2026-06-03 09:43:49,172.31.56.159,charlie,Accepted,1,56800,9,0
2026-06-14 17:26:15,172.27.118.185,henry,Accepted,1,40091,17,0
2026-06-11 10:15:16,192.168.55.220,frank,Accepted,1,30445,10,0
2026-06-13 08:27:20,172.19.96.162,frank,Failed,3,43064,8,0
2026-06-13 04:19:34,98.54.230.58,administrator,Accepted,1,22,4,1
2026-05-17 14:15:43,192.168.60.157,bob,Accepted,1,44535,14,0
2026-06-11 12:14:45,172.27.118.185,bob,Accepted,1,44344,12,0
2026-05-19 16:37:19,172.19.96.162,frank,Accepted,1,11625,16,0
2026-06-09 10:04:49,172.31.56.159,charlie,Accepted,1,54250,10,0
2026-06-08 01:56:23,27.176.191.86,test,Failed,33,22,1,1
2026-05-20 01:17:20,191.182.116.144,administrator,Failed,21,22,1,1
2026-06-10 12:32:12,192.168.248.34,alice,Accepted,1,63359,12,0
2026-06-08 18:24:36,192.168.103.13,iris,Accepted,1,31010,18,0
2026-06-14 08:43:24,172.31.56.159,alice,Accepted,1,11496,8,0
2026-06-03 08:30:03,192.168.26.107,bob,Accepted,1,7902,8,0
2026-05-30 13:03:48,10.186.236.88,bob,Accepted,1,22683,13,0
2026-06-04 18:36:18,172.19.96.162,frank,Accepted,1,13278,18,0
2026-06-12 16:46:49,192.168.60.157,alice,Accepted,1,7134,16,0
2026-06-14 17:26:08,172.31.56.159,jack,Accepted,1,30216,17,0
2026-05-21 01:46:27,42.169.169.237,guest,Failed,39,22,1,1
2026-05-29 09:11:25,10.209.53.193,henry,Accepted,1,40535,9,0
2026-06-04 02:56:25,86.93.250.3,administrator,Accepted,1,22,2,1
2026-06-03 17:26:36,10.186.236.88,eve,Accepted,1,40843,17,0
2026-06-05 04:52:56,220.227.53.8,admin,Accepted,1,22,4,1
2026-06-14 18:35:04,172.31.56.159,henry,Accepted,1,3543,18,0
2026-06-12 02:27:27,42.169.169.237,admin,Failed,15,22,2,1
2026-06-04 17:53:50,192.168.103.13,diana,Accepted,1,12201,17,0
2026-06-06 11:18:32,192.168.55.220,diana,Accepted,1,42518,11,0
2026-05-30 15:09:15,172.27.118.185,iris,Accepted,1,12539,15,0
2026-06-07 17:26:03,172.27.118.185,bob,Accepted,1,17620,17,0
2026-05-31 08:52:50,192.168.103.13,bob,Accepted,1,62957,8,0
2026-05-27 10:21:35,172.27.118.185,jack,Accepted,1,5082,10,0
2026-05-22 16:50:34,172.27.118.185,frank,Accepted,1,39386,16,0
2026-05-18 04:10:01,136.93.34.46,test,Failed,1,22,4,1
2026-06-13 15:54:24,172.19.96.162,grace,Accepted,1,49910,15,0
2026-06-05 08:19:50,192.168.26.107,charlie,Accepted,1,59241,8,0
2026-06-12 08:18:50,192.168.60.157,iris,Failed,1,7316,8,0
2026-06-09 02:10:03,162.191.169.199,test,Accepted,1,22,2,1
2026-05-21 01:55:19,42.169.169.237,admin,Accepted,2,22,1,1
2026-06-02 10:17:18,172.19.96.162,eve,Accepted,1,38382,10,0
2026-05-30 08:10:03,172.19.96.162,alice,Accepted,1,25740,8,0
2026-06-04 14:59:13,10.186.236.88,diana,Accepted,1,3411,14,0
2026-06-08 03:03:12,143.76.102.29,test,Failed,11,22,3,1
2026-06-11 09:03:39,192.168.103.13,diana,Accepted,1,51285,9,0
2026-05-28 00:24:28,181.150.251.84,administrator,Accepted,1,22,0,1
2026-05-28 15:59:49,192.168.60.157,diana,Accepted,1,30349,15,0
2026-05-24 02:38:21,27.176.191.86,admin,Accepted,5,22,2,1
2026-05-22 09:43:23,192.168.248.34,henry,Accepted,1,33108,9,0
2026-05-26 09:48:03,192.168.103.13,diana,Accepted,1,1774,9,0
2026-05-26 11:16:24,192.168.26.107,frank,Accepted,1,32515,11,0
2026-06-11 17:08:12,192.168.55.220,frank,Accepted,1,56657,17,0
2026-06-11 14:16:44,192.168.103.13,frank,Accepted,1,35013,14,0
2026-05-31 03:33:08,143.76.102.29,root,Failed,18,22,3,1
2026-05-31 18:07:06,192.168.103.13,grace,Accepted,1,40595,18,0
2026-05-25 00:34:23,191.182.116.144,root,Failed,10,22,0,1
2026-06-14 09:34:24,192.168.26.107,diana,Accepted,1,63808,9,0
2026-06-09 04:10:50,143.76.102.29,test,Failed,46,22,4,1
2026-06-09 03:49:28,191.182.116.144,test,Failed,1,22,3,1
2026-06-07 16:48:16,192.168.26.107,eve,Accepted,1,26640,16,0
2026-06-05 14:38:24,172.31.56.159,henry,Accepted,1,40528,14,0
2026-05-22 18:04:56,192.168.55.220,eve,Accepted,1,45972,18,0
2026-05-21 09:28:43,192.168.103.13,iris,Accepted,1,41376,9,0
2026-05-23 03:12:30,27.176.191.86,guest,Failed,3,22,3,1
2026-06-10 16:25:17,10.186.236.88,jack,Accepted,1,60929,16,0
2026-06-10 11:01:58,192.168.248.34,bob,Accepted,1,29645,11,0
2026-05-17 13:47:03,172.31.56.159,diana,Accepted,1,54230,13,0
2026-06-04 09:12:28,172.27.118.185,frank,Accepted,1,36390,9,0
2026-05-24 12:50:52,172.19.96.162,frank,Accepted,1,10501,12,0
2026-05-22 01:41:48,42.169.169.237,administrator,Failed,19,22,1,1
2026-05-19 17:29:33,192.168.248.34,iris,Accepted,1,16824,17,0
2026-05-20 00:01:52,169.91.244.195,admin,Accepted,1,22,0,1
2026-06-12 15:42:40,192.168.60.157,charlie,Accepted,1,41696,15,0
2026-05-28 03:33:49,27.176.191.86,guest,Failed,1,22,3,1
2026-05-22 00:26:21,143.76.102.29,admin,Failed,17,22,0,1
2026-06-01 11:40:50,172.27.118.185,bob,Accepted,1,44096,11,0
2026-05-30 11:26:25,172.27.118.185,iris,Accepted,1,34713,11,0
2026-05-31 17:11:43,172.31.56.159,iris,Accepted,1,51647,17,0
2026-05-19 17:44:19,192.168.103.13,diana,Failed,1,5725,17,0
2026-05-17 12:49:07,172.19.96.162,henry,Accepted,1,62420,12,0
2026-05-27 09:03:18,172.31.56.159,diana,Accepted,1,14483,9,0
2026-06-06 13:25:18,10.186.236.88,diana,Accepted,1,5870,13,0
2026-05-28 08:56:18,192.168.26.107,alice,Accepted,1,6713,8,0
2026-06-15 01:06:05,141.91.12.150,root,Accepted,1,22,1,1
2026-06-02 01:56:29,220.135.96.66,administrator,Accepted,1,22,1,1
2026-06-10 12:37:53,172.31.56.159,jack,Accepted,1,11125,12,0
2026-05-21 18:07:55,192.168.55.220,frank,Accepted,1,34070,18,0
2026-05-26 15:19:05,10.209.53.193,charlie,Accepted,1,31894,15,0
2026-05-18 15:43:38,172.19.96.162,alice,Accepted,1,33289,15,0
2026-05-30 01:55:29,136.93.34.46,guest,Failed,30,22,1,1
2026-05-25 03:27:02,27.176.191.86,administrator,Failed,3,22,3,1
2026-05-22 08:38:10,192.168.103.13,frank,Accepted,1,37702,8,0
2026-06-01 11:20:54,192.168.26.107,charlie,Accepted,1,43859,11,0
2026-05-28 01:40:43,195.104.197.161,test,Accepted,1,22,1,1
2026-05-27 00:54:32,136.93.34.46,test,Failed,46,22,0,1
2026-05-22 02:57:00,42.169.169.237,test,Failed,45,22,2,1
2026-05-18 13:09:03,10.209.53.193,jack,Accepted,1,45078,13,0
2026-05-23 14:34:53,192.168.55.220,diana,Accepted,1,41419,14,0
2026-06-03 09:46:57,172.27.118.185,diana,Accepted,1,47116,9,0
2026-06-01 01:42:52,136.93.34.46,administrator,Accepted,3,22,1,1
2026-05-30 08:00:48,192.168.55.220,grace,Accepted,1,51935,8,0
2026-05-30 08:27:45,10.186.236.88,grace,Accepted,1,9086,8,0
2026-05-23 00:03:54,42.169.169.237,administrator,Failed,33,22,0,1
2026-05-19 16:20:11,172.27.118.185,diana,Accepted,1,55902,16,0
2026-06-13 13:48:26,192.168.103.13,bob,Accepted,1,13051,13,0
2026-05-29 09:27:37,10.209.53.193,eve,Accepted,1,39061,9,0
2026-05-27 13:00:44,10.209.53.193,iris,Accepted,1,56492,13,0
2026-06-10 17:32:08,192.168.103.13,charlie,Accepted,1,37388,17,0
2026-06-02 11:12:37,172.27.118.185,charlie,Accepted,1,61785,11,0
2026-06-15 02:10:05,117.1.183.88,admin,Accepted,1,22,2,1
2026-05-18 15:40:55,192.168.55.220,bob,Accepted,1,42700,15,0
2026-06-03 17:17:08,192.168.248.34,jack,Accepted,1,45869,17,0
2026-06-01 12:08:45,10.209.53.193,alice,Accepted,1,18249,12,0
2026-06-08 10:45:44,10.186.236.88,diana,Accepted,1,64371,10,0
2026-06-01 11:40:11,10.209.53.193,jack,Accepted,1,32374,11,0
2026-05-30 09:16:40,192.168.26.107,charlie,Accepted,1,48790,9,0
2026-05-19 03:58:34,143.76.102.29,root,Failed,1,22,3,1
2026-05-20 13:22:44,192.168.103.13,diana,Accepted,1,51976,13,0
2026-06-05 10:47:25,192.168.55.220,diana,Accepted,1,54844,10,0
2026-06-06 12:59:32,172.19.96.162,bob,Accepted,1,20677,12,0
2026-06-05 03:22:24,42.169.169.237,guest,Accepted,3,22,3,1
2026-05-22 17:04:48,192.168.55.220,henry,Accepted,1,34375,17,0
2026-06-11 14:04:43,172.31.56.159,iris,Accepted,1,1534,14,0
2026-06-06 11:47:53,192.168.26.107,henry,Accepted,1,1363,11,0
2026-06-08 13:02:16,10.209.53.193,iris,Accepted,1,33400,13,0
2026-06-07 18:31:07,172.19.96.162,iris,Accepted,1,28014,18,0
2026-06-05 10:13:40,192.168.103.13,diana,Accepted,1,33184,10,0
2026-06-11 17:07:52,172.31.56.159,bob,Accepted,1,44265,17,0
2026-06-14 14:22:24,192.168.103.13,henry,Accepted,1,45634,14,0
2026-06-03 00:24:38,143.76.102.29,guest,Failed,2,22,0,1
2026-06-12 02:24:29,164.122.20.139,test,Accepted,1,22,2,1
2026-06-09 08:34:57,10.186.236.88,iris,Accepted,1,38218,8,0
2026-05-22 04:16:16,136.93.34.46,guest,Failed,2,22,4,1
2026-05-27 11:46:03,192.168.60.157,bob,Accepted,1,44598,11,0
2026-05-21 11:38:22,172.19.96.162,jack,Accepted,1,11716,11,0
2026-05-29 17:16:50,10.209.53.193,eve,Accepted,1,47880,17,0
2026-06-09 18:07:43,192.168.60.157,iris,Accepted,1,42821,18,0
2026-05-30 14:46:11,192.168.60.157,alice,Accepted,1,39517,14,0
2026-05-26 10:41:36,192.168.248.34,diana,Accepted,1,58673,10,0
2026-06-01 18:01:11,172.19.96.162,bob,Accepted,1,47280,18,0
2026-06-06 02:58:14,43.107.221.0,test,Accepted,1,22,2,1
2026-06-07 10:38:27,192.168.103.13,diana,Accepted,1,17407,10,0
2026-06-08 01:18:51,27.176.191.86,admin,Failed,19,22,1,1
2026-05-25 18:41:26,172.19.96.162,iris,Accepted,1,40333,18,0
2026-06-13 03:37:16,42.169.169.237,root,Failed,11,22,3,1
2026-05-30 14:45:58,192.168.60.157,jack,Accepted,1,3141,14,0
2026-06-13 09:55:37,172.27.118.185,alice,Accepted,1,3156,9,0
2026-06-08 18:08:16,192.168.248.34,eve,Accepted,1,44291,18,0
2026-06-12 12:07:49,192.168.60.157,henry,Accepted,1,53413,12,0
2026-05-17 03:39:54,215.167.72.45,admin,Accepted,1,22,3,1
2026-05-22 10:28:49,192.168.103.13,frank,Accepted,1,60574,10,0
2026-05-31 13:23:41,192.168.26.107,alice,Accepted,1,15988,13,0
2026-05-28 02:21:49,183.92.115.97,root,Accepted,1,22,2,1
2026-06-04 15:24:29,172.31.56.159,eve,Accepted,1,18977,15,0
2026-06-12 17:33:47,192.168.55.220,charlie,Accepted,1,61526,17,0
2026-05-30 18:49:21,192.168.60.157,bob,Accepted,1,53331,18,0
2026-05-20 10:58:47,192.168.60.157,eve,Failed,3,4223,10,0
2026-05-23 12:24:42,172.27.118.185,diana,Accepted,1,19439,12,0
2026-05-19 09:11:24,192.168.248.34,iris,Accepted,1,52507,9,0
2026-06-09 17:37:09,192.168.55.220,jack,Accepted,1,46235,17,0
2026-06-04 00:57:03,27.176.191.86,test,Failed,17,22,0,1
2026-05-17 09:15:39,172.19.96.162,jack,Accepted,1,45805,9,0
2026-06-13 09:17:04,192.168.248.34,eve,Accepted,1,61256,9,0
2026-05-21 10:06:16,192.168.103.13,eve,Accepted,1,5516,10,0
2026-06-08 10:23:41,172.27.118.185,eve,Accepted,1,12763,10,0
2026-06-13 08:24:00,10.209.53.193,diana,Accepted,1,54646,8,0
2026-05-21 14:05:00,172.31.56.159,bob,Accepted,1,43811,14,0
2026-06-14 14:21:48,192.168.26.107,bob,Accepted,1,24603,14,0
2026-05-30 18:22:40,172.31.56.159,diana,Accepted,1,51355,18,0
2026-05-21 15:32:42,192.168.26.107,eve,Accepted,1,5226,15,0
2026-06-14 09:38:55,172.27.118.185,eve,Accepted,1,12996,9,0
2026-05-27 17:24:41,192.168.55.220,iris,Accepted,1,35801,17,0
2026-06-12 09:07:29,172.27.118.185,jack,Accepted,1,42965,9,0
2026-05-29 08:49:51,10.186.236.88,diana,Accepted,1,64674,8,0
2026-06-16 10:40:12,192.168.103.13,grace,Accepted,1,39115,10,0
2026-06-15 16:51:24,192.168.55.220,diana,Failed,1,22459,16,0
2026-06-10 09:53:43,172.31.56.159,charlie,Accepted,1,48745,9,0
2026-06-08 15:31:28,10.209.53.193,grace,Accepted,1,35722,15,0
2026-06-14 14:32:43,172.27.118.185,charlie,Accepted,1,37212,14,0
2026-06-13 15:44:48,192.168.26.107,iris,Accepted,1,13413,15,0
2026-06-14 16:07:55,172.19.96.162,iris,Accepted,1,64345,16,0
2026-06-08 13:27:29,192.168.55.220,alice,Accepted,1,25950,13,0
2026-05-30 15:23:10,192.168.60.157,diana,Accepted,1,10585,15,0
2026-06-06 15:39:46,192.168.248.34,alice,Accepted,1,3766,15,0
2026-05-30 00:55:02,218.48.246.130,guest,Accepted,1,22,0,1
2026-05-26 03:59:05,42.169.169.237,admin,Accepted,1,22,3,1
2026-06-05 18:51:24,172.31.56.159,henry,Accepted,1,31446,18,0
2026-05-19 00:20:45,191.182.116.144,test,Accepted,5,22,0,1
2026-05-28 02:22:24,143.76.102.29,test,Failed,6,22,2,1
2026-05-26 02:38:26,27.176.191.86,guest,Failed,14,22,2,1
2026-06-09 04:58:25,42.169.169.237,administrator,Accepted,1,22,4,1
2026-05-17 14:01:42,192.168.26.107,jack,Failed,2,61751,14,0
2026-06-16 16:58:42,10.209.53.193,alice,Failed,2,34632,16,0
2026-06-12 12:49:43,192.168.60.157,henry,Accepted,1,63622,12,0
2026-05-26 00:14:56,42.169.169.237,test,Failed,4,22,0,1
2026-06-15 03:31:16,27.176.191.86,admin,Accepted,3,22,3,1
2026-05-29 11:00:48,10.209.53.193,charlie,Accepted,1,24981,11,0
2026-06-10 15:00:06,172.19.96.162,grace,Accepted,1,33589,15,0
2026-05-25 18:07:56,10.209.53.193,henry,Failed,1,36530,18,0
2026-06-02 18:24:11,172.31.56.159,eve,Failed,3,16333,18,0
2026-06-16 01:30:49,42.169.169.237,root,Failed,11,22,1,1
2026-06-12 09:36:25,192.168.103.13,grace,Accepted,1,12774,9,0
2026-06-08 09:04:17,172.27.118.185,bob,Accepted,1,46278,9,0
2026-06-10 09:31:56,192.168.103.13,alice,Accepted,1,38698,9,0
2026-06-16 11:09:15,172.31.56.159,diana,Accepted,1,63167,11,0
2026-06-04 12:34:29,192.168.103.13,grace,Accepted,1,44151,12,0
2026-05-24 12:53:51,192.168.248.34,frank,Accepted,1,7841,12,0
2026-05-31 16:48:14,10.209.53.193,alice,Accepted,1,53516,16,0
2026-06-14 14:34:17,10.186.236.88,iris,Accepted,1,6726,14,0
2026-05-28 18:40:03,192.168.248.34,alice,Accepted,1,57616,18,0
2026-05-19 13:24:26,192.168.60.157,henry,Accepted,1,28704,13,0
2026-06-01 13:30:54,192.168.60.157,iris,Accepted,1,14104,13,0
2026-05-20 10:55:08,172.19.96.162,bob,Failed,2,50020,10,0
2026-06-15 00:44:25,136.93.34.46,root,Accepted,1,22,0,1
2026-05-22 00:45:02,136.93.34.46,test,Failed,21,22,0,1
2026-05-20 02:05:05,27.176.191.86,root,Failed,39,22,2,1
2026-06-02 12:53:38,10.209.53.193,eve,Accepted,1,26001,12,0
2026-06-07 16:27:49,172.31.56.159,diana,Accepted,1,7029,16,0
2026-06-14 03:10:25,136.93.34.46,test,Accepted,1,22,3,1
2026-06-15 11:01:01,172.27.118.185,iris,Accepted,1,16661,11,0
2026-05-26 00:05:15,27.176.191.86,administrator,Failed,13,22,0,1
2026-06-05 08:18:35,172.19.96.162,frank,Accepted,1,51531,8,0
2026-05-17 08:26:47,192.168.103.13,henry,Accepted,1,30749,8,0
2026-05-25 02:25:47,86.22.42.153,admin,Accepted,1,22,2,1
2026-06-10 10:21:00,192.168.103.13,frank,Accepted,1,33314,10,0
2026-06-01 15:36:07,172.27.118.185,frank,Failed,1,1500,15,0
2026-06-11 13:33:57,172.27.118.185,iris,Accepted,1,24624,13,0
2026-05-31 14:03:40,172.27.118.185,grace,Accepted,1,6036,14,0
2026-06-03 02:22:08,209.205.118.152,root,Accepted,1,22,2,1
2026-06-07 10:09:20,192.168.26.107,charlie,Accepted,1,42310,10,0
2026-05-23 04:44:57,191.182.116.144,test,Failed,3,22,4,1
2026-06-14 01:53:59,27.176.191.86,admin,Failed,17,22,1,1
2026-05-30 03:26:36,42.169.169.237,admin,Failed,6,22,3,1
2026-06-08 14:01:02,172.31.56.159,eve,Accepted,1,28580,14,0
2026-05-28 17:05:34,192.168.103.13,iris,Accepted,1,17020,17,0
2026-06-10 01:42:28,110.226.130.68,administrator,Accepted,1,22,1,1
2026-06-02 09:22:47,192.168.60.157,bob,Accepted,1,27864,9,0
2026-06-07 18:24:31,172.31.56.159,jack,Accepted,1,1369,18,0
2026-05-25 10:48:57,172.31.56.159,grace,Accepted,1,30215,10,0
2026-06-15 11:02:44,172.27.118.185,alice,Accepted,1,7606,11,0
2026-06-03 10:09:50,172.19.96.162,eve,Accepted,1,61147,10,0
2026-05-23 00:32:03,42.169.169.237,admin,Failed,19,22,0,1
2026-06-16 13:04:27,192.168.248.34,charlie,Accepted,1,25785,13,0
2026-06-08 13:01:33,172.31.56.159,charlie,Accepted,1,55987,13,0
2026-05-24 08:25:41,10.186.236.88,eve,Accepted,1,59521,8,0
2026-05-20 13:05:49,192.168.60.157,alice,Accepted,1,64817,13,0
2026-05-26 14:51:45,10.209.53.193,frank,Accepted,1,16949,14,0
2026-06-01 03:17:21,27.176.191.86,admin,Failed,24,22,3,1
2026-05-22 11:45:45,172.31.56.159,diana,Failed,1,42946,11,0
2026-06-02 11:44:46,192.168.26.107,jack,Accepted,1,12953,11,0
2026-05-31 02:04:52,42.169.169.237,root,Accepted,1,22,2,1
2026-06-07 18:24:51,10.209.53.193,iris,Accepted,1,40316,18,0
2026-06-12 11:37:55,192.168.55.220,diana,Failed,2,21611,11,0
2026-06-06 11:10:44,192.168.60.157,grace,Accepted,1,13978,11,0
2026-05-23 08:22:07,192.168.248.34,bob,Accepted,1,60800,8,0
2026-06-11 14:00:30,192.168.55.220,henry,Accepted,1,55967,14,0
2026-05-30 13:43:11,10.209.53.193,iris,Accepted,1,31404,13,0
2026-05-20 16:58:51,172.19.96.162,eve,Failed,3,59718,16,0
2026-06-08 17:26:41,10.209.53.193,charlie,Accepted,1,64034,17,0
2026-05-17 16:08:41,192.168.55.220,bob,Accepted,1,17396,16,0
2026-06-03 11:40:52,172.27.118.185,charlie,Accepted,1,49101,11,0
2026-06-14 11:03:19,10.186.236.88,bob,Accepted,1,54912,11,0
2026-05-23 01:19:40,42.169.169.237,guest,Accepted,1,22,1,1
2026-06-07 02:50:53,27.176.191.86,guest,Failed,4,22,2,1
2026-06-07 11:18:21,192.168.60.157,alice,Failed,1,62361,11,0
2026-05-28 08:44:11,10.186.236.88,jack,Accepted,1,40650,8,0
2026-05-26 16:47:03,172.27.118.185,eve,Accepted,1,33410,16,0
2026-05-18 03:12:00,136.198.198.222,test,Accepted,1,22,3,1
2026-06-08 14:18:03,192.168.60.157,charlie,Accepted,1,65278,14,0
2026-06-15 11:57:27,10.186.236.88,henry,Accepted,1,56228,11,0
2026-06-05 15:14:22,10.186.236.88,iris,Accepted,1,43398,15,0
2026-05-22 02:30:53,143.76.102.29,guest,Failed,12,22,2,1
2026-06-07 12:46:30,172.27.118.185,alice,Accepted,1,34276,12,0
2026-05-30 12:38:37,10.209.53.193,bob,Accepted,1,39515,12,0
2026-05-28 18:58:30,192.168.60.157,bob,Accepted,1,62052,18,0
2026-05-23 09:18:23,192.168.248.34,bob,Accepted,1,60947,9,0
2026-05-31 12:32:32,10.186.236.88,charlie,Accepted,1,51183,12,0
2026-05-31 01:21:16,191.182.116.144,guest,Failed,9,22,1,1
2026-06-13 14:53:07,172.27.118.185,diana,Accepted,1,54700,14,0
2026-06-09 08:09:39,192.168.55.220,grace,Accepted,1,38560,8,0
2026-05-19 17:08:40,192.168.55.220,charlie,Accepted,1,49645,17,0
2026-06-11 00:07:33,216.60.188.94,root,Accepted,1,22,0,1
2026-05-23 16:29:10,10.209.53.193,jack,Accepted,1,47009,16,0
2026-06-12 08:27:25,172.31.56.159,iris,Accepted,1,11810,8,0
2026-06-04 16:52:43,172.27.118.185,eve,Accepted,1,30883,16,0
2026-06-13 14:17:57,10.209.53.193,alice,Accepted,1,4506,14,0
2026-05-23 09:10:32,192.168.103.13,bob,Accepted,1,24508,9,0
2026-05-18 11:00:34,172.31.56.159,frank,Accepted,1,60206,11,0
2026-05-27 00:20:20,42.169.169.237,root,Failed,16,22,0,1
2026-06-14 01:09:11,191.182.116.144,root,Accepted,5,22,1,1
2026-05-26 16:32:41,10.209.53.193,henry,Accepted,1,26564,16,0
2026-05-25 00:39:29,183.213.36.254,root,Accepted,1,22,0,1
2026-05-31 03:34:52,136.93.34.46,admin,Accepted,1,22,3,1
2026-06-11 18:47:22,10.186.236.88,eve,Failed,2,58821,18,0
2026-06-03 15:18:04,192.168.248.34,bob,Accepted,1,61512,15,0
2026-06-03 11:47:07,10.209.53.193,grace,Accepted,1,13594,11,0
2026-06-06 13:23:22,172.31.56.159,alice,Accepted,1,8044,13,0
2026-05-26 02:40:15,136.93.34.46,admin,Failed,29,22,2,1
2026-05-28 14:35:20,10.209.53.193,bob,Accepted,1,20167,14,0
2026-05-23 09:45:24,192.168.103.13,jack,Failed,3,31878,9,0
2026-05-26 14:58:42,172.27.118.185,frank,Accepted,1,39440,14,0
2026-06-13 08:46:45,192.168.55.220,henry,Accepted,1,60909,8,0
2026-05-30 17:05:30,172.19.96.162,iris,Accepted,1,62428,17,0
2026-05-28 13:34:21,172.31.56.159,frank,Accepted,1,14612,13,0
2026-06-05 00:45:00,191.182.116.144,guest,Failed,18,22,0,1
2026-06-13 16:49:20,10.209.53.193,iris,Accepted,1,4742,16,0
2026-06-05 16:18:26,192.168.55.220,henry,Accepted,1,42034,16,0
2026-06-15 09:37:52,10.209.53.193,charlie,Accepted,1,32976,9,0
2026-06-10 11:04:50,192.168.55.220,alice,Accepted,1,47003,11,0
2026-05-27 10:40:06,192.168.55.220,grace,Accepted,1,6979,10,0
2026-05-21 13:39:39,192.168.55.220,diana,Accepted,1,9807,13,0
2026-06-09 12:29:09,192.168.55.220,eve,Accepted,1,34987,12,0
2026-05-24 18:55:19,192.168.60.157,grace,Accepted,1,42661,18,0
2026-06-16 11:10:08,192.168.103.13,bob,Accepted,1,45399,11,0
2026-06-14 15:54:54,172.31.56.159,grace,Accepted,1,3106,15,0
2026-06-13 12:27:37,192.168.248.34,henry,Failed,2,63956,12,0
2026-06-07 18:52:25,192.168.26.107,eve,Accepted,1,8653,18,0
2026-06-14 10:13:31,172.31.56.159,charlie,Accepted,1,10908,10,0
2026-06-08 15:57:42,192.168.103.13,jack,Accepted,1,44101,15,0
2026-05-30 08:55:27,192.168.60.157,eve,Accepted,1,5421,8,0
2026-05-24 14:46:21,192.168.55.220,jack,Accepted,1,63691,14,0
2026-06-05 17:28:10,192.168.60.157,iris,Accepted,1,39209,17,0
2026-06-08 16:44:01,192.168.60.157,henry,Accepted,1,45734,16,0
2026-05-24 08:15:27,172.19.96.162,alice,Accepted,1,53890,8,0
2026-06-01 09:17:18,172.31.56.159,henry,Accepted,1,26998,9,0
2026-06-05 12:05:27,192.168.26.107,iris,Accepted,1,43949,12,0
2026-06-11 09:45:35,192.168.248.34,grace,Accepted,1,55109,9,0
2026-05-20 09:31:07,172.19.96.162,charlie,Accepted,1,42758,9,0
2026-06-07 14:18:38,172.19.96.162,bob,Accepted,1,25093,14,0
2026-05-23 09:49:21,172.31.56.159,iris,Accepted,1,60479,9,0
2026-05-23 18:42:40,10.186.236.88,bob,Accepted,1,42098,18,0
2026-05-19 03:51:29,136.93.34.46,administrator,Failed,19,22,3,1
2026-06-07 08:12:47,10.186.236.88,bob,Accepted,1,65496,8,0
2026-06-07 14:34:50,192.168.60.157,frank,Accepted,1,59987,14,0
2026-06-09 18:54:19,10.186.236.88,charlie,Accepted,1,46739,18,0
2026-05-24 15:32:09,10.186.236.88,iris,Accepted,1,17341,15,0
2026-05-30 10:25:15,172.27.118.185,eve,Accepted,1,6441,10,0
2026-06-09 10:01:35,192.168.248.34,frank,Accepted,1,29620,10,0
2026-05-20 00:16:38,143.76.102.29,test,Failed,13,22,0,1
2026-06-05 10:09:37,10.209.53.193,charlie,Accepted,1,44228,10,0
2026-06-14 00:28:53,42.169.169.237,admin,Failed,18,22,0,1
2026-05-27 18:21:08,192.168.55.220,eve,Accepted,1,25546,18,0
2026-06-13 17:29:24,192.168.55.220,frank,Accepted,1,46287,17,0
2026-06-03 13:46:49,172.27.118.185,diana,Accepted,1,5832,13,0
2026-05-17 11:40:20,10.209.53.193,grace,Accepted,1,18807,11,0
2026-05-24 15:05:37,192.168.248.34,bob,Accepted,1,39690,15,0
2026-06-13 12:07:41,10.209.53.193,iris,Accepted,1,44128,12,0
2026-05-17 03:39:59,143.76.102.29,root,Failed,19,22,3,1
2026-05-29 10:46:24,192.168.26.107,bob,Accepted,1,19426,10,0
2026-06-08 13:52:54,10.209.53.193,grace,Accepted,1,29179,13,0
2026-05-22 17:32:47,10.209.53.193,alice,Failed,1,27977,17,0
2026-05-28 10:08:34,10.209.53.193,diana,Accepted,1,45318,10,0
2026-06-14 00:02:19,191.182.116.144,administrator,Failed,20,22,0,1
2026-06-14 08:09:15,10.209.53.193,henry,Accepted,1,15945,8,0
2026-05-23 11:17:01,172.19.96.162,eve,Accepted,1,28623,11,0
2026-05-23 17:14:20,192.168.60.157,iris,Accepted,1,6558,17,0
2026-05-30 11:42:50,172.19.96.162,diana,Accepted,1,61336,11,0
2026-05-26 01:39:53,66.97.201.113,root,Accepted,1,22,1,1
2026-06-05 10:28:47,10.186.236.88,jack,Accepted,1,49478,10,0
2026-05-23 17:46:47,192.168.248.34,diana,Accepted,1,35995,17,0
2026-06-01 18:23:55,192.168.248.34,frank,Accepted,1,35803,18,0
2026-05-21 14:25:41,192.168.248.34,jack,Accepted,1,10350,14,0
2026-06-11 13:05:45,172.31.56.159,bob,Accepted,1,46012,13,0
2026-06-03 10:42:24,192.168.248.34,grace,Accepted,1,33979,10,0
2026-06-16 02:32:59,27.176.191.86,administrator,Failed,15,22,2,1
2026-06-10 17:26:48,192.168.60.157,jack,Accepted,1,38837,17,0
2026-05-31 02:57:01,197.239.95.62,admin,Accepted,1,22,2,1
2026-05-27 08:00:47,192.168.26.107,grace,Accepted,1,9855,8,0
2026-05-31 02:00:18,33.36.195.132,test,Accepted,1,22,2,1
2026-05-17 09:57:22,10.186.236.88,alice,Accepted,1,32912,9,0
2026-06-04 14:05:43,192.168.60.157,eve,Accepted,1,2435,14,0
2026-05-24 16:16:42,192.168.55.220,iris,Failed,2,43309,16,0
2026-06-10 11:14:29,172.19.96.162,eve,Accepted,1,18421,11,0
2026-05-19 16:40:07,192.168.26.107,henry,Failed,2,20305,16,0
2026-05-21 04:32:03,143.76.102.29,guest,Failed,18,22,4,1
2026-05-31 04:45:17,143.76.102.29,admin,Failed,11,22,4,1
2026-05-28 01:06:24,139.52.45.73,guest,Accepted,1,22,1,1
2026-06-01 10:18:46,10.186.236.88,bob,Accepted,1,55679,10,0
2026-06-01 18:19:53,192.168.60.157,eve,Accepted,1,49346,18,0
2026-06-09 03:04:59,191.182.116.144,administrator,Failed,1,22,3,1
2026-05-28 15:04:29,172.27.118.185,frank,Accepted,1,55138,15,0
2026-05-30 00:31:56,143.76.102.29,guest,Failed,26,22,0,1
2026-06-05 18:52:47,192.168.55.220,bob,Accepted,1,6629,18,0
2026-06-12 15:53:52,172.19.96.162,charlie,Accepted,1,3999,15,0
2026-06-11 10:50:17,192.168.248.34,grace,Accepted,1,23131,10,0
2026-06-02 15:07:57,192.168.55.220,diana,Accepted,1,18782,15,0
2026-06-02 09:41:01,172.31.56.159,jack,Accepted,1,60070,9,0
2026-06-12 09:46:54,10.209.53.193,frank,Accepted,1,33107,9,0
2026-05-17 17:48:56,192.168.248.34,iris,Accepted,1,35179,17,0
2026-06-01 16:09:12,192.168.60.157,alice,Accepted,1,36642,16,0
2026-06-14 17:56:15,172.27.118.185,henry,Accepted,1,32098,17,0
2026-05-21 14:26:25,192.168.248.34,henry,Accepted,1,42828,14,0
2026-05-17 08:22:29,192.168.55.220,grace,Accepted,1,4656,8,0
2026-06-08 18:44:28,192.168.248.34,henry,Accepted,1,43342,18,0
2026-05-19 09:07:15,192.168.248.34,grace,Accepted,1,62078,9,0
2026-05-17 08:33:53,172.27.118.185,alice,Accepted,1,63236,8,0
2026-06-16 14:08:02,192.168.55.220,henry,Failed,2,24090,14,0
2026-06-07 18:07:54,192.168.60.157,eve,Accepted,1,65347,18,0
2026-06-13 01:16:27,211.17.168.114,administrator,Accepted,1,22,1,1
2026-06-04 09:31:51,192.168.103.13,charlie,Accepted,1,26521,9,0
2026-05-29 03:07:37,42.169.169.237,guest,Failed,32,22,3,1
2026-06-14 09:39:53,172.27.118.185,eve,Failed,2,22688,9,0
2026-06-08 01:22:48,42.169.169.237,admin,Failed,27,22,1,1
2026-06-10 16:21:24,192.168.26.107,iris,Accepted,1,50258,16,0
2026-05-28 13:34:37,192.168.60.157,eve,Accepted,1,29031,13,0
2026-05-27 00:33:56,191.182.116.144,guest,Failed,5,22,0,1
2026-06-12 12:24:01,192.168.55.220,bob,Failed,3,7325,12,0
2026-06-03 09:42:08,192.168.26.107,charlie,Accepted,1,33374,9,0
2026-05-30 14:01:52,192.168.103.13,diana,Accepted,1,29947,14,0
2026-05-20 11:02:43,172.19.96.162,grace,Accepted,1,58585,11,0
2026-06-02 00:34:19,42.169.169.237,test,Failed,4,22,0,1
2026-05-28 16:06:52,192.168.248.34,henry,Accepted,1,10792,16,0
2026-06-06 18:00:05,172.27.118.185,henry,Accepted,1,12333,18,0
2026-05-19 10:19:58,192.168.248.34,henry,Accepted,1,21097,10,0
2026-05-21 17:40:25,172.27.118.185,charlie,Accepted,1,33075,17,0
2026-06-06 03:15:26,136.93.34.46,test,Failed,10,22,3,1
2026-06-07 09:40:29,10.209.53.193,grace,Accepted,1,1464,9,0
2026-06-08 01:30:10,73.245.11.82,test,Accepted,1,22,1,1
2026-05-20 14:53:59,172.27.118.185,henry,Accepted,1,4438,14,0
2026-05-22 08:16:46,172.31.56.159,eve,Accepted,1,46131,8,0
2026-05-20 12:22:37,192.168.103.13,diana,Accepted,1,34815,12,0
2026-06-09 11:25:13,172.31.56.159,bob,Accepted,1,2764,11,0
2026-05-26 00:54:35,136.93.34.46,administrator,Failed,19,22,0,1
2026-05-20 13:14:17,192.168.248.34,charlie,Accepted,1,58860,13,0
2026-05-20 16:16:36,192.168.103.13,henry,Accepted,1,28861,16,0
2026-06-03 14:00:17,192.168.60.157,alice,Accepted,1,36661,14,0
2026-06-13 08:10:17,192.168.103.13,frank,Accepted,1,38111,8,0
2026-06-11 17:29:42,10.186.236.88,eve,Accepted,1,16114,17,0
2026-05-21 04:04:17,27.176.191.86,admin,Failed,5,22,4,1
2026-05-23 12:05:43,192.168.103.13,jack,Accepted,1,14707,12,0
2026-06-05 13:47:27,192.168.55.220,henry,Accepted,1,32990,13,0
2026-06-03 16:02:05,10.186.236.88,diana,Accepted,1,15292,16,0
2026-05-27 13:40:56,10.209.53.193,bob,Accepted,1,39064,13,0
2026-06-02 02:18:45,146.114.39.26,administrator,Accepted,1,22,2,1
2026-05-24 17:48:37,172.27.118.185,iris,Accepted,1,62847,17,0
2026-06-08 02:18:15,27.176.191.86,admin,Failed,32,22,2,1
2026-05-30 04:02:18,27.176.191.86,test,Accepted,5,22,4,1
2026-06-04 17:38:44,192.168.26.107,iris,Accepted,1,29733,17,0
2026-06-01 03:07:25,42.169.169.237,root,Failed,4,22,3,1
2026-05-28 18:17:32,172.31.56.159,grace,Accepted,1,39783,18,0
2026-06-04 14:10:52,172.19.96.162,diana,Accepted,1,34336,14,0
2026-06-12 16:58:23,192.168.103.13,alice,Accepted,1,3200,16,0
2026-05-31 10:50:02,172.27.118.185,frank,Accepted,1,40534,10,0
2026-05-20 09:30:09,192.168.248.34,charlie,Accepted,1,14991,9,0
2026-06-03 03:37:39,136.93.34.46,test,Failed,15,22,3,1
2026-06-13 00:10:46,143.76.102.29,admin,Failed,4,22,0,1
2026-06-14 12:03:54,10.186.236.88,eve,Accepted,1,38125,12,0
2026-05-17 09:06:06,192.168.248.34,jack,Accepted,1,13947,9,0
2026-06-04 12:00:35,10.209.53.193,iris,Accepted,1,16420,12,0
2026-05-23 15:14:46,172.31.56.159,frank,Accepted,1,15350,15,0
2026-05-29 03:45:18,27.176.191.86,guest,Failed,14,22,3,1
2026-06-11 16:37:55,172.31.56.159,iris,Accepted,1,9360,16,0
2026-05-20 17:28:14,192.168.55.220,iris,Accepted,1,6922,17,0
2026-06-02 13:25:43,10.209.53.193,jack,Failed,1,8159,13,0
2026-06-04 08:38:01,192.168.248.34,eve,Accepted,1,47683,8,0
2026-06-10 15:43:29,192.168.60.157,henry,Accepted,1,40049,15,0
2026-06-05 08:14:06,192.168.248.34,grace,Accepted,1,17055,8,0
2026-05-28 18:25:49,192.168.60.157,grace,Accepted,1,14934,18,0
2026-06-03 10:07:47,192.168.60.157,charlie,Accepted,1,25863,10,0
2026-06-13 14:47:15,192.168.248.34,jack,Accepted,1,46718,14,0
2026-05-24 00:30:11,216.116.11.137,administrator,Accepted,1,22,0,1
2026-06-11 00:42:23,27.176.191.86,root,Failed,25,22,0,1
2026-05-21 01:16:44,42.169.169.237,guest,Failed,13,22,1,1
2026-05-18 10:59:02,172.19.96.162,charlie,Accepted,1,60380,10,0
2026-05-18 18:11:22,172.27.118.185,grace,Accepted,1,38731,18,0
2026-06-15 08:04:53,192.168.248.34,diana,Accepted,1,1587,8,0
2026-05-27 16:25:05,192.168.248.34,alice,Accepted,1,20245,16,0
2026-06-01 09:10:50,10.209.53.193,alice,Accepted,1,51254,9,0
2026-06-11 17:01:21,172.19.96.162,frank,Accepted,1,38654,17,0
2026-05-23 08:13:17,10.186.236.88,jack,Accepted,1,33796,8,0
2026-06-06 14:53:05,172.19.96.162,alice,Accepted,1,55207,14,0
2026-06-14 08:35:39,192.168.55.220,alice,Accepted,1,23182,8,0
2026-05-20 13:18:48,192.168.248.34,diana,Accepted,1,34104,13,0
2026-05-22 09:15:10,192.168.26.107,grace,Accepted,1,53332,9,0
2026-05-31 09:12:15,172.31.56.159,diana,Accepted,1,30186,9,0
2026-05-21 11:55:37,172.19.96.162,grace,Accepted,1,29226,11,0
2026-05-28 17:02:38,172.27.118.185,grace,Accepted,1,47361,17,0
2026-06-16 17:24:59,192.168.55.220,bob,Accepted,1,22565,17,0
2026-06-02 01:38:31,155.113.116.88,root,Accepted,1,22,1,1
2026-06-03 09:28:10,172.31.56.159,alice,Accepted,1,21470,9,0
2026-05-20 17:05:56,10.186.236.88,eve,Accepted,1,29776,17,0
2026-05-20 08:07:21,192.168.248.34,frank,Accepted,1,26552,8,0
2026-05-31 14:15:38,172.31.56.159,bob,Accepted,1,38496,14,0
2026-05-25 12:02:09,172.27.118.185,iris,Accepted,1,38619,12,0
2026-05-29 08:14:17,192.168.248.34,frank,Accepted,1,59815,8,0
2026-06-10 10:06:37,172.19.96.162,iris,Accepted,1,47652,10,0
2026-06-12 13:00:33,172.31.56.159,bob,Accepted,1,39259,13,0
2026-05-19 12:12:04,192.168.26.107,eve,Accepted,1,42033,12,0
2026-05-20 16:20:13,192.168.55.220,jack,Accepted,1,1572,16,0
2026-06-11 13:40:16,172.31.56.159,jack,Accepted,1,2792,13,0
2026-06-08 14:14:03,192.168.26.107,frank,Accepted,1,63614,14,0
2026-06-10 11:24:23,192.168.60.157,eve,Accepted,1,43208,11,0
2026-06-06 11:59:33,10.186.236.88,diana,Accepted,1,10331,11,0
2026-06-01 03:37:55,191.182.116.144,admin,Failed,1,22,3,1
2026-06-11 18:37:24,192.168.60.157,eve,Accepted,1,20291,18,0
2026-05-26 11:46:02,10.209.53.193,bob,Accepted,1,1786,11,0
2026-05-26 00:51:11,136.93.34.46,test,Failed,11,22,0,1
2026-05-21 13:02:45,192.168.55.220,frank,Accepted,1,19085,13,0
2026-05-18 13:45:59,172.31.56.159,iris,Failed,1,13982,13,0
2026-05-24 04:05:51,42.169.169.237,admin,Failed,30,22,4,1
2026-05-31 18:49:45,192.168.248.34,jack,Failed,2,14752,18,0
2026-06-16 14:51:43,10.186.236.88,bob,Accepted,1,6043,14,0
2026-06-07 00:48:01,143.76.102.29,administrator,Failed,16,22,0,1
2026-06-10 12:22:59,172.27.118.185,jack,Accepted,1,33282,12,0
2026-06-16 09:40:03,192.168.248.34,iris,Accepted,1,27375,9,0
2026-05-28 16:11:49,192.168.55.220,alice,Accepted,1,59546,16,0
2026-05-30 01:04:28,27.176.191.86,test,Failed,14,22,1,1
2026-06-16 08:28:56,10.186.236.88,diana,Accepted,1,33648,8,0
2026-05-18 18:40:49,10.209.53.193,frank,Accepted,1,24828,18,0
2026-05-28 01:36:27,143.76.102.29,test,Accepted,2,22,1,1
2026-06-04 16:25:46,172.31.56.159,iris,Accepted,1,46444,16,0
2026-06-07 15:13:43,192.168.248.34,alice,Accepted,1,58014,15,0
2026-06-11 08:59:34,192.168.103.13,eve,Accepted,1,11851,8,0
2026-05-27 02:14:23,27.176.191.86,guest,Failed,5,22,2,1
2026-05-27 03:53:39,191.182.116.144,admin,Failed,44,22,3,1
2026-05-20 14:21:01,192.168.55.220,jack,Accepted,1,26093,14,0
2026-05-28 12:44:53,172.19.96.162,charlie,Accepted,1,41138,12,0
2026-06-02 16:22:05,192.168.248.34,grace,Accepted,1,60685,16,0
2026-06-14 16:10:05,10.186.236.88,charlie,Accepted,1,32349,16,0
2026-05-31 11:53:40,192.168.26.107,diana,Accepted,1,23851,11,0
2026-06-15 14:51:18,192.168.103.13,frank,Accepted,1,25161,14,0
2026-05-17 04:00:38,136.93.34.46,guest,Failed,17,22,4,1
2026-06-13 17:33:03,172.19.96.162,iris,Accepted,1,21711,17,0
2026-06-11 04:46:33,42.169.169.237,guest,Failed,15,22,4,1
2026-05-21 14:54:17,192.168.248.34,frank,Accepted,1,54567,14,0
2026-06-09 00:13:27,27.176.191.86,test,Failed,37,22,0,1
2026-05-26 09:09:53,192.168.103.13,eve,Accepted,1,46137,9,0
2026-06-11 08:59:48,192.168.248.34,henry,Accepted,1,16358,8,0
2026-06-04 02:01:04,55.70.145.87,administrator,Accepted,1,22,2,1
2026-06-16 00:12:18,136.93.34.46,root,Failed,5,22,0,1
2026-05-26 00:27:31,143.76.102.29,administrator,Accepted,1,22,0,1
2026-06-11 08:58:53,172.27.118.185,alice,Accepted,1,52376,8,0
2026-06-15 00:04:25,42.169.169.237,guest,Failed,18,22,0,1
2026-06-07 02:25:21,24.29.51.90,root,Accepted,1,22,2,1
2026-05-27 18:02:21,192.168.26.107,frank,Accepted,1,41165,18,0
2026-05-24 02:16:09,206.96.16.127,test,Accepted,1,22,2,1
2026-05-31 04:16:49,27.176.191.86,administrator,Failed,48,22,4,1
2026-05-29 15:50:26,192.168.103.13,bob,Accepted,1,17306,15,0
2026-06-14 12:23:03,192.168.248.34,bob,Accepted,1,63435,12,0
2026-06-14 03:57:10,42.169.169.237,test,Failed,1,22,3,1
2026-06-16 09:45:51,10.209.53.193,iris,Accepted,1,1309,9,0
2026-06-01 17:50:22,172.19.96.162,grace,Accepted,1,50489,17,0
2026-05-24 13:51:55,172.19.96.162,grace,Failed,1,6130,13,0
2026-06-16 00:55:23,195.55.171.93,test,Accepted,1,22,0,1
2026-06-12 03:41:26,191.182.116.144,test,Accepted,3,22,3,1
2026-06-13 08:26:41,10.209.53.193,charlie,Accepted,1,14899,8,0
2026-06-12 11:08:48,192.168.248.34,iris,Accepted,1,64049,11,0
2026-05-30 16:56:35,192.168.60.157,bob,Accepted,1,63053,16,0
2026-05-18 03:33:05,143.76.102.29,administrator,Failed,39,22,3,1
2026-06-08 13:55:50,192.168.60.157,henry,Failed,3,64097,13,0
2026-05-18 18:11:00,10.186.236.88,henry,Accepted,1,48972,18,0
2026-06-02 10:30:13,10.186.236.88,henry,Accepted,1,4685,10,0
2026-06-04 16:25:09,10.186.236.88,frank,Accepted,1,3548,16,0
2026-05-20 04:19:33,191.182.116.144,administrator,Failed,3,22,4,1
2026-05-23 16:36:33,172.19.96.162,bob,Failed,1,37433,16,0
2026-05-30 12:05:32,10.186.236.88,frank,Accepted,1,4268,12,0
2026-05-30 11:33:40,192.168.103.13,alice,Accepted,1,57234,11,0
2026-06-07 15:51:54,10.186.236.88,alice,Accepted,1,4567,15,0
2026-05-22 12:44:41,172.27.118.185,henry,Accepted,1,29890,12,0
2026-06-16 15:17:05,192.168.103.13,bob,Accepted,1,26941,15,0
2026-06-04 08:47:56,192.168.26.107,eve,Accepted,1,16942,8,0
2026-06-06 16:47:33,10.209.53.193,jack,Accepted,1,47826,16,0
2026-06-04 04:33:04,177.163.128.142,guest,Accepted,1,22,4,1
2026-06-07 10:14:08,172.19.96.162,bob,Accepted,1,6489,10,0
2026-05-23 08:33:43,192.168.26.107,eve,Accepted,1,40779,8,0
2026-05-28 12:36:05,10.209.53.193,charlie,Accepted,1,6440,12,0
2026-06-16 18:59:29,172.31.56.159,iris,Failed,2,15294,18,0
2026-05-28 04:33:26,191.182.116.144,admin,Failed,15,22,4,1
2026-06-08 14:52:37,192.168.55.220,frank,Accepted,1,48137,14,0
2026-06-01 08:04:21,10.209.53.193,iris,Accepted,1,65401,8,0
2026-05-31 09:03:22,10.186.236.88,alice,Failed,3,38303,9,0
2026-05-29 11:50:57,172.27.118.185,eve,Accepted,1,58074,11,0
2026-06-02 13:10:24,172.31.56.159,eve,Accepted,1,11688,13,0
2026-06-09 18:09:29,172.19.96.162,jack,Accepted,1,8514,18,0
2026-06-06 18:28:23,192.168.55.220,diana,Accepted,1,42753,18,0
2026-05-23 18:07:02,192.168.103.13,grace,Accepted,1,32141,18,0
2026-06-02 11:14:33,172.31.56.159,eve,Accepted,1,18387,11,0
2026-06-10 02:39:18,27.176.191.86,admin,Failed,38,22,2,1
2026-05-30 09:03:58,172.31.56.159,frank,Accepted,1,5235,9,0
2026-06-06 11:07:30,192.168.55.220,charlie,Accepted,1,31460,11,0
2026-05-31 15:31:51,10.209.53.193,eve,Accepted,1,22225,15,0
2026-06-08 10:00:25,10.186.236.88,henry,Accepted,1,57207,10,0
2026-06-04 14:31:11,192.168.55.220,alice,Accepted,1,53765,14,0
2026-06-05 09:42:33,172.19.96.162,diana,Accepted,1,26428,9,0
2026-05-28 16:09:54,10.209.53.193,jack,Accepted,1,34871,16,0
2026-06-10 01:23:03,27.176.191.86,root,Failed,32,22,1,1
2026-06-05 00:27:41,42.169.169.237,guest,Failed,4,22,0,1
2026-05-30 12:59:12,10.209.53.193,eve,Accepted,1,28128,12,0
2026-05-21 11:49:11,172.27.118.185,eve,Accepted,1,3121,11,0
2026-05-31 18:03:46,172.27.118.185,henry,Accepted,1,43911,18,0
2026-05-24 15:56:29,192.168.248.34,grace,Accepted,1,18983,15,0
2026-06-05 15:26:16,192.168.55.220,diana,Accepted,1,17819,15,0
2026-05-29 12:56:09,10.186.236.88,diana,Accepted,1,4880,12,0
2026-06-07 04:13:08,42.169.169.237,admin,Accepted,3,22,4,1
2026-06-12 13:09:51,192.168.248.34,grace,Accepted,1,29838,13,0
2026-06-14 16:29:20,10.209.53.193,eve,Accepted,1,54400,16,0
2026-06-11 03:17:30,143.76.102.29,test,Accepted,5,22,3,1
2026-06-13 01:37:46,143.76.102.29,admin,Failed,3,22,1,1
2026-05-23 01:48:43,143.76.102.29,administrator,Failed,3,22,1,1
2026-06-14 10:22:19,192.168.103.13,diana,Accepted,1,64680,10,0
2026-06-06 09:51:03,172.19.96.162,charlie,Accepted,1,44061,9,0
2026-05-19 13:21:45,10.186.236.88,grace,Accepted,1,49977,13,0
2026-05-25 03:14:42,143.76.102.29,guest,Failed,40,22,3,1
2026-06-16 03:42:07,42.169.169.237,guest,Failed,2,22,3,1
2026-06-08 08:57:16,192.168.103.13,grace,Failed,3,23634,8,0
2026-05-23 01:07:25,42.169.169.237,root,Failed,3,22,1,1
2026-06-12 17:48:25,172.19.96.162,grace,Accepted,1,58021,17,0
2026-05-21 17:14:32,10.209.53.193,charlie,Accepted,1,19511,17,0
2026-06-14 13:12:15,10.209.53.193,iris,Failed,3,34141,13,0
2026-05-29 11:46:24,192.168.26.107,alice,Accepted,1,21595,11,0
2026-06-01 12:09:37,172.19.96.162,frank,Accepted,1,57729,12,0
2026-06-14 15:41:26,172.19.96.162,frank,Accepted,1,41653,15,0
2026-05-23 11:44:37,10.186.236.88,jack,Accepted,1,19159,11,0
2026-05-27 02:19:54,42.169.169.237,administrator,Failed,10,22,2,1
2026-05-18 09:46:23,192.168.26.107,jack,Accepted,1,34289,9,0
2026-06-01 16:19:52,192.168.103.13,henry,Accepted,1,62434,16,0
2026-06-09 13:41:36,192.168.60.157,eve,Accepted,1,23033,13,0
2026-06-06 03:44:26,136.93.34.46,admin,Accepted,1,22,3,1
2026-05-27 02:26:02,222.62.119.33,guest,Accepted,1,22,2,1
2026-06-09 08:38:55,172.27.118.185,iris,Accepted,1,27912,8,0
2026-06-14 12:36:38,192.168.55.220,frank,Accepted,1,42808,12,0
2026-05-28 03:23:47,27.176.191.86,administrator,Failed,16,22,3,1
2026-05-30 00:00:53,27.176.191.86,test,Failed,17,22,0,1
2026-06-03 01:57:57,143.76.102.29,guest,Failed,29,22,1,1
2026-06-16 08:22:05,192.168.248.34,eve,Accepted,1,57053,8,0
2026-06-15 03:49:30,191.182.116.144,admin,Failed,7,22,3,1
2026-05-27 09:15:42,192.168.60.157,frank,Accepted,1,25587,9,0
2026-06-01 15:15:01,192.168.248.34,alice,Accepted,1,27888,15,0
2026-06-13 12:17:54,192.168.55.220,iris,Accepted,1,8016,12,0
2026-06-11 01:45:35,143.76.102.29,administrator,Failed,22,22,1,1
2026-05-28 03:27:27,136.93.34.46,guest,Failed,43,22,3,1
2026-05-26 04:35:32,27.176.191.86,admin,Accepted,5,22,4,1
2026-06-12 09:40:20,172.19.96.162,diana,Accepted,1,44518,9,0
2026-05-29 16:35:30,192.168.248.34,diana,Accepted,1,34379,16,0
2026-06-14 18:13:03,10.209.53.193,bob,Accepted,1,6308,18,0
2026-05-21 17:18:17,172.27.118.185,frank,Accepted,1,26625,17,0
2026-06-11 02:43:31,191.182.116.144,test,Failed,34,22,2,1
2026-06-05 16:42:59,192.168.248.34,jack,Accepted,1,38552,16,0
2026-06-07 08:58:54,192.168.60.157,frank,Accepted,1,63098,8,0
2026-06-04 13:35:57,192.168.26.107,charlie,Accepted,1,63832,13,0
2026-05-26 00:53:53,136.93.34.46,administrator,Failed,1,22,0,1
2026-05-21 16:54:40,192.168.248.34,iris,Failed,1,12248,16,0
2026-06-04 09:17:16,192.168.26.107,eve,Accepted,1,3736,9,0
2026-06-03 13:33:59,192.168.248.34,jack,Accepted,1,5198,13,0
2026-05-27 01:47:03,27.176.191.86,test,Accepted,1,22,1,1
2026-06-14 18:00:24,172.19.96.162,grace,Accepted,1,33273,18,0
2026-06-13 12:54:01,10.209.53.193,henry,Accepted,1,15983,12,0
2026-06-04 08:54:03,10.186.236.88,iris,Accepted,1,65231,8,0
2026-05-31 01:18:34,207.14.8.70,admin,Accepted,1,22,1,1
2026-05-31 17:25:10,192.168.60.157,alice,Accepted,1,58598,17,0
2026-05-17 00:58:32,191.182.116.144,root,Failed,8,22,0,1
2026-05-25 02:43:53,13.89.71.122,admin,Accepted,1,22,2,1
2026-05-23 00:59:56,136.93.34.46,root,Failed,4,22,0,1
2026-06-11 14:39:50,192.168.60.157,bob,Accepted,1,13488,14,0
2026-06-05 12:44:13,10.209.53.193,diana,Accepted,1,3777,12,0
2026-05-25 01:16:26,42.169.169.237,guest,Failed,17,22,1,1
2026-05-17 11:25:06,192.168.26.107,bob,Accepted,1,47757,11,0
2026-06-08 16:27:14,192.168.103.13,charlie,Accepted,1,6335,16,0
2026-06-15 08:00:12,192.168.55.220,frank,Accepted,1,44850,8,0
2026-05-30 15:02:06,192.168.60.157,eve,Accepted,1,55124,15,0
2026-05-30 18:51:42,192.168.60.157,jack,Accepted,1,17911,18,0
2026-06-01 10:43:34,172.27.118.185,jack,Accepted,1,30248,10,0
2026-06-05 15:50:33,172.19.96.162,bob,Accepted,1,58116,15,0
2026-06-05 08:52:34,172.19.96.162,frank,Accepted,1,61541,8,0
2026-05-20 02:12:52,27.176.191.86,root,Failed,30,22,2,1
2026-06-07 08:19:58,192.168.60.157,iris,Accepted,1,27979,8,0
2026-06-11 18:47:42,192.168.26.107,bob,Accepted,1,39923,18,0
2026-06-15 02:36:21,136.93.34.46,admin,Failed,1,22,2,1
2026-05-26 14:23:52,192.168.103.13,eve,Accepted,1,9135,14,0
2026-05-20 18:43:28,10.209.53.193,henry,Accepted,1,53554,18,0
2026-06-11 11:38:52,192.168.55.220,diana,Accepted,1,58078,11,0
2026-06-10 17:27:44,192.168.248.34,diana,Accepted,1,57226,17,0
2026-06-02 02:39:23,27.176.191.86,admin,Failed,20,22,2,1
2026-06-11 02:40:27,191.182.116.144,administrator,Failed,5,22,2,1
2026-05-23 15:43:32,172.19.96.162,charlie,Accepted,1,1618,15,0
2026-06-01 11:01:03,192.168.26.107,frank,Accepted,1,37923,11,0
2026-06-08 16:23:05,192.168.60.157,diana,Accepted,1,2342,16,0
2026-06-16 00:06:12,191.182.116.144,administrator,Failed,10,22,0,1
2026-05-28 08:21:12,192.168.103.13,alice,Accepted,1,29946,8,0
2026-06-10 16:04:21,10.209.53.193,jack,Accepted,1,22441,16,0
2026-05-26 01:50:48,145.206.185.157,test,Accepted,1,22,1,1
2026-05-30 13:14:24,192.168.248.34,henry,Accepted,1,37304,13,0
2026-05-26 12:27:27,192.168.60.157,grace,Failed,2,24639,12,0
2026-05-26 01:59:40,199.25.185.15,guest,Accepted,1,22,1,1
2026-06-08 15:37:01,192.168.103.13,eve,Accepted,1,63235,15,0
2026-06-14 04:32:13,156.122.41.199,admin,Accepted,1,22,4,1
2026-06-11 09:22:23,192.168.26.107,grace,Accepted,1,35659,9,0
2026-05-29 11:11:11,172.19.96.162,bob,Accepted,1,18810,11,0
2026-05-28 18:22:52,192.168.248.34,eve,Accepted,1,50412,18,0
2026-06-01 13:25:10,192.168.26.107,jack,Accepted,1,38272,13,0
2026-05-27 03:35:57,219.232.177.118,admin,Accepted,1,22,3,1
2026-05-19 09:13:21,10.186.236.88,jack,Accepted,1,22586,9,0
2026-05-18 16:27:01,192.168.248.34,grace,Accepted,1,25078,16,0
2026-05-30 16:32:50,192.168.26.107,diana,Accepted,1,20410,16,0
2026-05-20 17:59:14,172.31.56.159,diana,Accepted,1,46024,17,0
2026-05-19 09:31:45,192.168.55.220,jack,Accepted,1,5805,9,0
2026-06-16 02:01:59,42.169.169.237,root,Failed,11,22,2,1
2026-06-05 02:55:09,205.87.102.199,admin,Accepted,1,22,2,1
2026-06-06 18:59:02,192.168.103.13,frank,Accepted,1,38616,18,0
2026-05-18 01:37:31,167.62.234.47,root,Accepted,1,22,1,1
2026-05-23 16:29:24,10.186.236.88,diana,Accepted,1,52830,16,0
2026-06-03 15:37:59,172.19.96.162,eve,Accepted,1,48576,15,0
2026-05-29 17:59:06,192.168.248.34,iris,Accepted,1,16898,17,0
2026-05-20 17:21:05,172.19.96.162,frank,Accepted,1,64696,17,0
2026-05-29 14:50:34,192.168.60.157,diana,Accepted,1,7035,14,0
2026-06-09 12:25:54,10.186.236.88,frank,Failed,1,44301,12,0
2026-06-10 01:53:04,191.182.116.144,root,Failed,17,22,1,1
2026-05-20 10:12:33,192.168.55.220,diana,Accepted,1,34030,10,0
2026-05-17 14:58:10,172.31.56.159,jack,Accepted,1,4289,14,0
2026-06-11 10:36:22,172.19.96.162,frank,Failed,2,2614,10,0
2026-05-25 15:40:59,10.209.53.193,alice,Accepted,1,33924,15,0
2026-06-02 18:31:38,172.31.56.159,frank,Accepted,1,63464,18,0
2026-06-05 10:15:16,192.168.55.220,eve,Accepted,1,50897,10,0
2026-06-12 11:55:16,192.168.248.34,jack,Accepted,1,49158,11,0
2026-06-16 00:15:41,27.176.191.86,test,Failed,11,22,0,1
2026-05-30 12:11:59,192.168.248.34,bob,Accepted,1,30674,12,0
2026-06-13 08:51:06,172.31.56.159,henry,Accepted,1,36555,8,0
2026-05-23 17:33:21,10.186.236.88,jack,Accepted,1,27906,17,0
2026-05-25 16:17:30,172.27.118.185,charlie,Accepted,1,15218,16,0
2026-05-23 04:18:10,136.93.34.46,admin,Accepted,5,22,4,1
2026-06-14 01:40:37,42.169.169.237,test,Failed,33,22,1,1
2026-06-11 16:47:01,172.19.96.162,henry,Accepted,1,59458,16,0
2026-05-22 14:12:05,192.168.103.13,alice,Failed,1,62609,14,0
2026-05-20 03:00:18,22.245.63.43,administrator,Accepted,1,22,3,1
2026-05-20 13:38:00,10.209.53.193,grace,Failed,1,19604,13,0
2026-06-10 02:23:56,27.176.191.86,root,Accepted,1,22,2,1
2026-05-18 03:13:25,136.93.34.46,root,Failed,20,22,3,1
2026-05-31 09:12:08,172.27.118.185,iris,Failed,1,33345,9,0
2026-05-18 16:24:53,192.168.55.220,charlie,Accepted,1,12926,16,0
2026-05-30 13:46:04,10.209.53.193,henry,Accepted,1,11787,13,0
2026-05-23 03:40:07,27.176.191.86,guest,Accepted,4,22,3,1
2026-05-24 02:40:06,136.93.34.46,guest,Failed,12,22,2,1
2026-06-07 02:00:48,143.76.102.29,root,Failed,16,22,2,1
2026-05-27 13:17:47,192.168.60.157,iris,Accepted,1,57731,13,0
2026-06-03 17:49:13,172.27.118.185,bob,Accepted,1,34611,17,0
2026-06-07 12:12:36,10.186.236.88,alice,Accepted,1,9558,12,0
2026-05-26 11:32:10,192.168.26.107,bob,Accepted,1,38175,11,0
2026-05-18 10:19:00,10.186.236.88,iris,Accepted,1,39321,10,0
2026-05-21 00:49:31,221.165.123.22,test,Accepted,1,22,0,1
2026-06-14 08:18:22,172.31.56.159,frank,Accepted,1,27346,8,0
2026-05-20 10:22:59,192.168.26.107,frank,Accepted,1,48658,10,0
2026-05-22 17:35:03,10.186.236.88,grace,Accepted,1,24923,17,0
2026-06-03 18:06:55,192.168.103.13,charlie,Accepted,1,45380,18,0
2026-06-12 10:29:05,192.168.60.157,henry,Accepted,1,17219,10,0
2026-06-12 01:12:20,191.182.116.144,guest,Failed,45,22,1,1
2026-05-24 08:35:00,192.168.60.157,henry,Accepted,1,24955,8,0
2026-06-11 00:30:46,136.93.34.46,administrator,Failed,24,22,0,1
2026-05-19 12:15:43,192.168.26.107,henry,Accepted,1,10444,12,0
2026-05-21 00:54:59,62.226.234.101,test,Accepted,1,22,0,1
2026-05-29 04:09:30,27.176.191.86,administrator,Failed,44,22,4,1
2026-06-13 00:05:38,27.176.191.86,administrator,Accepted,4,22,0,1
2026-06-06 17:28:42,172.31.56.159,frank,Accepted,1,22401,17,0
2026-06-05 08:16:20,192.168.103.13,bob,Accepted,1,63549,8,0
2026-05-23 09:28:25,172.27.118.185,eve,Accepted,1,20175,9,0
2026-05-23 16:34:51,172.31.56.159,jack,Failed,2,23572,16,0
2026-06-16 13:51:21,10.186.236.88,eve,Accepted,1,23052,13,0
2026-06-06 09:28:59,10.186.236.88,bob,Accepted,1,15272,9,0
2026-06-08 04:40:44,27.176.191.86,root,Failed,3,22,4,1
2026-06-07 18:09:32,192.168.248.34,henry,Accepted,1,43817,18,0
2026-06-14 09:32:30,192.168.248.34,alice,Accepted,1,40501,9,0
2026-05-27 10:51:56,172.31.56.159,iris,Accepted,1,47298,10,0
2026-06-08 13:51:42,172.19.96.162,alice,Accepted,1,55758,13,0
2026-05-20 08:05:11,192.168.60.157,henry,Accepted,1,36659,8,0
2026-05-25 09:04:54,192.168.60.157,frank,Accepted,1,26253,9,0
2026-05-31 08:30:07,192.168.60.157,charlie,Accepted,1,2867,8,0
2026-06-06 09:14:12,192.168.103.13,diana,Accepted,1,41041,9,0
2026-05-21 16:22:05,192.168.248.34,iris,Accepted,1,62816,16,0
2026-05-26 13:27:54,10.209.53.193,frank,Accepted,1,47266,13,0
2026-06-08 12:56:18,192.168.55.220,jack,Accepted,1,51054,12,0
2026-06-05 10:07:43,10.186.236.88,diana,Accepted,1,28356,10,0
2026-06-01 04:47:10,106.51.198.128,admin,Accepted,1,22,4,1
2026-06-01 18:20:12,192.168.55.220,frank,Accepted,1,64245,18,0
2026-06-10 17:10:46,192.168.26.107,iris,Accepted,1,40426,17,0
2026-06-16 09:31:53,192.168.60.157,jack,Accepted,1,61983,9,0
2026-06-11 12:19:13,172.31.56.159,alice,Accepted,1,54458,12,0
2026-05-19 01:59:21,42.169.169.237,root,Failed,15,22,1,1
2026-06-03 09:24:50,10.209.53.193,eve,Accepted,1,11951,9,0
2026-05-21 12:38:32,192.168.26.107,bob,Accepted,1,19241,12,0
2026-05-19 14:17:36,172.19.96.162,diana,Accepted,1,64409,14,0
2026-05-18 17:33:43,10.186.236.88,henry,Accepted,1,17766,17,0
2026-05-25 09:05:43,192.168.55.220,alice,Accepted,1,15697,9,0
2026-05-19 18:44:07,172.31.56.159,charlie,Accepted,1,57262,18,0
2026-05-22 00:19:00,175.226.73.190,root,Accepted,1,22,0,1
2026-06-06 16:02:23,192.168.55.220,jack,Accepted,1,7927,16,0
2026-06-04 11:02:01,192.168.60.157,henry,Accepted,1,54088,11,0
2026-06-16 13:02:09,172.31.56.159,grace,Accepted,1,15410,13,0
2026-06-10 13:21:11,192.168.103.13,frank,Accepted,1,41362,13,0
2026-06-15 01:32:37,22.252.48.17,root,Accepted,1,22,1,1
2026-06-11 10:12:36,192.168.60.157,alice,Accepted,1,6248,10,0
2026-06-11 18:28:24,192.168.55.220,iris,Accepted,1,28994,18,0
2026-05-17 13:59:57,172.31.56.159,eve,Accepted,1,33460,13,0
2026-05-27 03:25:32,143.76.102.29,root,Failed,2,22,3,1
2026-05-25 08:52:25,172.27.118.185,eve,Accepted,1,17809,8,0
2026-05-29 00:33:08,136.93.34.46,guest,Failed,23,22,0,1
2026-05-24 10:01:56,192.168.248.34,jack,Accepted,1,37045,10,0
2026-06-16 08:13:28,10.209.53.193,frank,Failed,2,33625,8,0
2026-06-12 13:14:29,192.168.60.157,jack,Accepted,1,65102,13,0
2026-05-31 15:48:32,10.209.53.193,charlie,Accepted,1,31618,15,0
2026-05-17 03:54:50,42.169.169.237,root,Failed,24,22,3,1
2026-06-12 09:12:58,192.168.248.34,alice,Accepted,1,49840,9,0
2026-05-25 10:22:19,10.186.236.88,eve,Accepted,1,42273,10,0
2026-06-06 14:38:18,172.19.96.162,grace,Accepted,1,59935,14,0
2026-05-23 15:45:25,192.168.26.107,diana,Accepted,1,47060,15,0
2026-05-29 17:13:16,192.168.60.157,alice,Accepted,1,38230,17,0
2026-06-03 13:11:17,10.186.236.88,diana,Accepted,1,30059,13,0
2026-05-19 18:21:45,172.27.118.185,jack,Accepted,1,54795,18,0
2026-05-21 14:31:18,172.31.56.159,frank,Accepted,1,45408,14,0
2026-06-08 10:23:44,192.168.248.34,frank,Accepted,1,29897,10,0
2026-06-16 13:24:09,192.168.55.220,bob,Failed,1,26243,13,0
2026-05-30 11:14:30,10.186.236.88,frank,Accepted,1,34565,11,0
2026-06-15 04:11:02,191.182.116.144,guest,Failed,4,22,4,1
2026-05-27 03:45:07,191.182.116.144,root,Failed,44,22,3,1
2026-05-17 17:33:08,10.186.236.88,diana,Failed,3,52625,17,0
2026-05-26 10:28:28,192.168.55.220,eve,Accepted,1,7964,10,0
2026-06-14 13:46:16,10.186.236.88,charlie,Accepted,1,33632,13,0
2026-06-01 00:58:27,191.182.116.144,root,Failed,28,22,0,1
2026-05-27 04:47:05,173.158.249.43,administrator,Accepted,1,22,4,1
2026-06-09 10:19:34,192.168.55.220,grace,Accepted,1,48277,10,0
2026-05-31 04:33:31,191.182.116.144,guest,Failed,42,22,4,1
2026-05-31 10:23:42,172.27.118.185,grace,Accepted,1,30786,10,0
2026-06-01 00:10:30,136.93.34.46,administrator,Failed,49,22,0,1
2026-05-27 13:24:12,172.19.96.162,jack,Accepted,1,35912,13,0
2026-05-20 12:55:20,10.186.236.88,alice,Accepted,1,49029,12,0
2026-05-23 17:09:26,192.168.248.34,alice,Accepted,1,45002,17,0
2026-06-12 10:37:44,192.168.55.220,jack,Accepted,1,42543,10,0
2026-05-20 09:49:39,172.27.118.185,henry,Accepted,1,19821,9,0
2026-06-02 14:46:42,192.168.248.34,iris,Accepted,1,30553,14,0
2026-05-18 17:09:05,192.168.55.220,diana,Accepted,1,42517,17,0
2026-05-28 11:49:07,10.186.236.88,eve,Failed,1,63422,11,0
2026-06-03 10:57:19,192.168.60.157,eve,Accepted,1,59065,10,0
2026-05-28 13:31:36,172.27.118.185,frank,Accepted,1,37883,13,0
2026-06-05 08:40:34,192.168.26.107,eve,Failed,3,55869,8,0
2026-05-24 13:30:06,192.168.26.107,jack,Accepted,1,49181,13,0
2026-05-17 01:15:41,191.182.116.144,administrator,Failed,45,22,1,1
2026-05-18 10:02:43,192.168.55.220,charlie,Accepted,1,57822,10,0
2026-06-07 02:57:05,41.213.46.219,guest,Accepted,1,22,2,1
2026-06-07 01:24:25,42.169.169.237,root,Failed,11,22,1,1
2026-05-24 01:10:59,143.76.102.29,root,Failed,5,22,1,1
2026-05-28 13:54:00,10.186.236.88,frank,Failed,1,55840,13,0
2026-06-11 11:37:17,172.27.118.185,henry,Accepted,1,15097,11,0
2026-05-17 09:58:20,192.168.248.34,alice,Accepted,1,50829,9,0
2026-05-25 18:11:27,172.19.96.162,diana,Accepted,1,37546,18,0
2026-05-28 18:58:47,172.19.96.162,charlie,Accepted,1,62732,18,0
2026-06-04 14:00:30,172.31.56.159,charlie,Accepted,1,48469,14,0
2026-05-30 01:41:19,191.182.116.144,administrator,Failed,18,22,1,1
2026-06-03 08:54:40,192.168.60.157,frank,Failed,2,46199,8,0
2026-06-08 04:30:31,143.76.102.29,administrator,Failed,30,22,4,1
2026-05-23 11:14:40,192.168.60.157,bob,Accepted,1,32299,11,0
2026-05-22 09:21:21,192.168.248.34,diana,Accepted,1,42534,9,0
2026-06-01 17:28:30,10.186.236.88,grace,Accepted,1,52326,17,0
2026-05-20 00:59:57,42.169.169.237,test,Accepted,5,22,0,1
2026-05-23 11:13:01,10.186.236.88,charlie,Accepted,1,5583,11,0
2026-06-03 12:32:19,192.168.26.107,eve,Accepted,1,6976,12,0
2026-06-07 14:34:43,192.168.26.107,grace,Accepted,1,21089,14,0
2026-06-02 11:30:37,192.168.60.157,bob,Accepted,1,38288,11,0
2026-06-06 09:12:13,192.168.248.34,charlie,Accepted,1,1802,9,0
2026-06-02 03:33:31,27.176.191.86,test,Failed,49,22,3,1
2026-05-21 09:42:43,192.168.60.157,henry,Accepted,1,54688,9,0
2026-06-13 02:33:06,32.91.253.215,root,Accepted,1,22,2,1
2026-06-11 10:02:36,192.168.26.107,grace,Accepted,1,51013,10,0
2026-05-28 16:39:44,192.168.60.157,bob,Failed,1,37248,16,0
2026-06-16 16:28:35,192.168.248.34,alice,Accepted,1,54525,16,0
2026-05-22 17:53:58,192.168.248.34,frank,Failed,2,60670,17,0
2026-05-27 13:26:27,10.209.53.193,diana,Accepted,1,32994,13,0
2026-05-26 00:20:13,206.211.238.175,root,Accepted,1,22,0,1
2026-06-16 15:28:43,192.168.60.157,diana,Failed,1,24413,15,0
2026-05-31 01:01:36,27.176.191.86,guest,Accepted,5,22,1,1
2026-06-10 13:43:37,192.168.55.220,henry,Accepted,1,49052,13,0
2026-06-09 13:41:59,10.186.236.88,grace,Accepted,1,10702,13,0
2026-05-21 13:54:00,172.27.118.185,iris,Accepted,1,6238,13,0
2026-06-05 13:25:16,172.31.56.159,charlie,Accepted,1,6394,13,0
2026-05-22 17:20:30,10.209.53.193,diana,Accepted,1,64689,17,0
2026-05-30 01:24:19,27.176.191.86,test,Failed,8,22,1,1
2026-05-24 08:41:31,172.31.56.159,alice,Accepted,1,9273,8,0
2026-05-26 03:16:11,143.76.102.29,test,Failed,9,22,3,1
2026-05-18 03:24:43,143.76.102.29,admin,Failed,4,22,3,1
2026-05-29 15:01:47,192.168.248.34,bob,Accepted,1,21809,15,0
2026-05-27 12:15:11,172.19.96.162,charlie,Accepted,1,33059,12,0
2026-05-28 15:10:53,192.168.248.34,diana,Accepted,1,9104,15,0
2026-05-23 18:08:11,10.209.53.193,frank,Accepted,1,14629,18,0
2026-06-15 11:01:28,172.27.118.185,alice,Accepted,1,63373,11,0
2026-05-17 16:34:00,192.168.60.157,diana,Accepted,1,63449,16,0
2026-05-29 13:26:58,172.27.118.185,eve,Failed,1,12143,13,0
2026-05-28 09:30:54,192.168.60.157,alice,Accepted,1,42215,9,0
2026-05-28 08:21:37,172.31.56.159,eve,Accepted,1,10907,8,0
2026-05-17 16:31:32,172.31.56.159,grace,Accepted,1,47329,16,0
2026-06-03 16:50:25,10.209.53.193,charlie,Accepted,1,42115,16,0
2026-05-31 14:19:08,172.27.118.185,charlie,Accepted,1,23379,14,0
2026-06-10 01:05:48,136.93.34.46,root,Accepted,4,22,1,1
2026-05-29 02:15:22,62.39.219.118,admin,Accepted,1,22,2,1
2026-05-24 12:48:41,192.168.26.107,grace,Accepted,1,63951,12,0
2026-05-21 01:30:54,222.36.14.206,admin,Accepted,1,22,1,1
2026-05-31 13:26:18,172.19.96.162,iris,Accepted,1,59265,13,0
2026-06-16 08:26:02,172.19.96.162,diana,Accepted,1,48162,8,0
2026-05-17 08:14:41,10.209.53.193,jack,Failed,2,44603,8,0
2026-05-26 11:14:30,192.168.103.13,grace,Accepted,1,27414,11,0
2026-05-25 08:25:53,192.168.55.220,alice,Accepted,1,45549,8,0
2026-06-08 16:53:54,172.19.96.162,jack,Accepted,1,8003,16,0
2026-05-27 16:26:03,172.27.118.185,charlie,Accepted,1,42228,16,0
2026-06-06 14:21:08,192.168.103.13,henry,Accepted,1,63941,14,0
2026-05-20 10:44:12,172.31.56.159,grace,Accepted,1,7345,10,0
2026-06-16 11:08:49,172.19.96.162,iris,Accepted,1,41944,11,0
2026-06-10 02:25:45,42.169.169.237,admin,Failed,2,22,2,1
2026-05-25 08:29:07,172.19.96.162,henry,Accepted,1,49466,8,0
2026-06-06 14:53:12,172.19.96.162,grace,Accepted,1,51890,14,0
2026-05-21 10:27:48,172.19.96.162,diana,Accepted,1,59463,10,0
2026-06-05 08:46:55,10.209.53.193,iris,Failed,2,52405,8,0
2026-06-15 04:24:18,29.67.33.181,administrator,Accepted,1,22,4,1
2026-05-22 12:52:03,172.19.96.162,bob,Accepted,1,53450,12,0
2026-05-27 12:14:40,10.186.236.88,bob,Accepted,1,18142,12,0
2026-06-13 11:18:58,192.168.103.13,grace,Accepted,1,22201,11,0
2026-06-04 16:35:03,10.209.53.193,charlie,Accepted,1,25622,16,0
2026-05-22 00:14:54,191.182.116.144,admin,Failed,28,22,0,1
2026-05-27 14:22:55,10.186.236.88,iris,Failed,3,26935,14,0
2026-05-29 08:46:38,192.168.60.157,jack,Accepted,1,21216,8,0
2026-06-01 03:05:58,42.169.169.237,administrator,Failed,17,22,3,1
2026-06-07 11:09:08,10.209.53.193,diana,Accepted,1,59990,11,0
2026-06-03 09:36:38,172.31.56.159,bob,Accepted,1,2413,9,0
2026-05-30 02:57:52,191.182.116.144,root,Failed,7,22,2,1
